0.803684,0.196316,0.795609,0.204391,0.834207,0.165793,1.000000,0.000000,1.000000,0.000000,0.000000
0.803684,0.196316,0.791973,0.208027,0.772035,0.227965,1.000000,0.000000,1.000000,0.000000,1.000000
0.803684,0.196316,0.778564,0.221436,0.000603,0.999397,0.000000,1.000000,0.000000,1.000000,1.000000
0.803684,0.196316,0.798711,0.201289,0.828233,0.171767,0.000000,1.000000,1.000000,0.000000,0.000000
0.803684,0.196316,0.794209,0.205791,0.833290,0.166710,0.000000,1.000000,1.000000,0.000000,1.000000
0.803684,0.196316,0.798810,0.201190,0.895616,0.104384,1.000000,0.000000,1.000000,0.000000,0.000000
0.803684,0.196316,0.793936,0.206064,0.944114,0.055886,0.000000,1.000000,1.000000,0.000000,0.000000
0.803684,0.196316,0.792708,0.207292,0.734315,0.265685,0.000000,1.000000,0.000000,1.000000,1.000000
0.803684,0.196316,0.807365,0.192635,0.060009,0.939991,1.000000,0.000000,1.000000,0.000000,0.000000
0.803684,0.196316,0.793168,0.206832,0.763303,0.236697,1.000000,0.000000,1.000000,0.000000,0.000000
0.803684,0.196316,0.796019,0.203981,0.828801,0.171199,1.000000,0.000000,1.000000,0.000000,1.000000
0.803684,0.196316,0.789310,0.210690,0.900779,0.099221,0.000000,1.000000,0.000000,1.000000,0.000000
0.803684,0.196316,0.793803,0.206197,0.770272,0.229728,1.000000,0.000000,1.000000,0.000000,1.000000
0.803684,0.196316,0.741039,0.258961,1.000000,0.000000,1.000000,0.000000,1.000000,0.000000,1.000000
0.803684,0.196316,0.781035,0.218965,0.056094,0.943906,1.000000,0.000000,1.000000,0.000000,1.000000
0.803684,0.196316,0.788714,0.211286,0.516686,0.483314,0.000000,1.000000,1.000000,0.000000,1.000000
0.803684,0.196316,0.795058,0.204942,0.975485,0.024515,1.000000,0.000000,0.000000,1.000000,1.000000
0.803684,0.196316,0.798477,0.201523,0.917262,0.082738,1.000000,0.000000,1.000000,0.000000,0.000000
0.523200,0.476800,0.680619,0.319381,1.000000,0.000000,1.000000,0.000000,1.000000,0.000000,1.000000
0.803684,0.196316,0.799643,0.200357,0.852991,0.147009,1.000000,0.000000,1.000000,0.000000,0.000000
0.803684,0.196316,0.797937,0.202063,0.895614,0.104386,1.000000,0.000000,1.000000,0.000000,0.000000
0.803684,0.196316,0.788134,0.211866,0.411985,0.588015,0.000000,1.000000,1.000000,0.000000,0.000000
0.803684,0.196316,0.798806,0.201194,0.859405,0.140595,1.000000,0.000000,1.000000,0.000000,0.000000
0.803684,0.196316,0.796380,0.203620,0.854868,0.145132,1.000000,0.000000,1.000000,0.000000,1.000000
0.803684,0.196316,0.804668,0.195332,0.235870,0.764130,1.000000,0.000000,1.000000,0.000000,1.000000
0.803684,0.196316,0.783898,0.216102,0.047165,0.952835,1.000000,0.000000,0.000000,1.000000,0.000000
0.803684,0.196316,0.794339,0.205661,0.780555,0.219445,1.000000,0.000000,0.000000,1.000000,0.000000
0.803684,0.196316,0.767232,0.232768,0.000010,0.999990,1.000000,0.000000,1.000000,0.000000,1.000000
0.803684,0.196316,0.797852,0.202148,0.850424,0.149576,1.000000,0.000000,1.000000,0.000000,0.000000
0.803684,0.196316,0.796642,0.203358,0.835998,0.164002,1.000000,0.000000,1.000000,0.000000,0.000000
0.803684,0.196316,0.795222,0.204778,0.827877,0.172123,1.000000,0.000000,1.000000,0.000000,0.000000
0.803684,0.196316,0.790719,0.209281,0.964913,0.035087,0.000000,1.000000,0.000000,1.000000,1.000000
0.803684,0.196316,0.801682,0.198318,0.866417,0.133583,1.000000,0.000000,1.000000,0.000000,0.000000
0.803684,0.196316,0.797253,0.202747,0.877893,0.122107,1.000000,0.000000,1.000000,0.000000,0.000000
0.803684,0.196316,0.791749,0.208251,0.889122,0.110878,1.000000,0.000000,1.000000,0.000000,1.000000
0.803684,0.196316,0.794144,0.205856,0.806184,0.193816,1.000000,0.000000,1.000000,0.000000,0.000000
0.803684,0.196316,0.784635,0.215365,0.000000,1.000000,0.000000,1.000000,0.000000,1.000000,1.000000
0.803684,0.196316,0.790504,0.209496,0.202327,0.797673,0.000000,1.000000,0.000000,1.000000,0.000000
0.803684,0.196316,0.796649,0.203351,0.891883,0.108117,1.000000,0.000000,1.000000,0.000000,0.000000
0.803684,0.196316,0.798431,0.201569,0.912963,0.087037,1.000000,0.000000,1.000000,0.000000,0.000000
0.803684,0.196316,0.798998,0.201002,0.902698,0.097302,1.000000,0.000000,1.000000,0.000000,0.000000
0.803684,0.196316,0.798144,0.201856,0.868251,0.131749,1.000000,0.000000,1.000000,0.000000,0.000000
0.803684,0.196316,0.787102,0.212898,0.220547,0.779453,1.000000,0.000000,1.000000,0.000000,0.000000
0.523200,0.476800,0.754679,0.245321,1.000000,0.000000,1.000000,0.000000,1.000000,0.000000,0.000000
0.803684,0.196316,0.792703,0.207297,0.019888,0.980112,0.000000,1.000000,0.000000,1.000000,1.000000
0.803684,0.196316,0.783451,0.216549,0.160037,0.839963,0.000000,1.000000,0.000000,1.000000,1.000000
0.803684,0.196316,0.806507,0.193493,0.267407,0.732593,1.000000,0.000000,1.000000,0.000000,0.000000
0.803684,0.196316,0.803621,0.196379,0.777526,0.222474,1.000000,0.000000,1.000000,0.000000,0.000000
0.803684,0.196316,0.792693,0.207307,0.737649,0.262351,1.000000,0.000000,0.000000,1.000000,1.000000
0.803684,0.196316,0.799129,0.200871,0.874208,0.125792,1.000000,0.000000,1.000000,0.000000,0.000000
0.803684,0.196316,0.797430,0.202570,0.889723,0.110277,1.000000,0.000000,1.000000,0.000000,0.000000
0.803684,0.196316,0.789585,0.210415,0.073990,0.926010,0.000000,1.000000,0.000000,1.000000,1.000000
0.803684,0.196316,0.796675,0.203325,0.845049,0.154951,0.000000,1.000000,0.000000,1.000000,0.000000
0.803684,0.196316,0.796572,0.203428,0.736131,0.263869,1.000000,0.000000,1.000000,0.000000,1.000000
0.803684,0.196316,0.796122,0.203878,0.831969,0.168031,0.000000,1.000000,0.000000,1.000000,0.000000
0.803684,0.196316,0.794259,0.205741,0.758374,0.241626,1.000000,0.000000,1.000000,0.000000,0.000000
0.803684,0.196316,0.793834,0.206166,0.790070,0.209930,1.000000,0.000000,1.000000,0.000000,0.000000
0.803684,0.196316,0.792596,0.207404,0.893713,0.106287,0.000000,1.000000,1.000000,0.000000,1.000000
0.803684,0.196316,0.796214,0.203786,0.926093,0.073907,1.000000,0.000000,1.000000,0.000000,0.000000
0.803684,0.196316,0.797690,0.202310,0.825947,0.174053,1.000000,0.000000,1.000000,0.000000,0.000000
0.803684,0.196316,0.806212,0.193788,0.000000,1.000000,0.000000,1.000000,0.000000,1.000000,0.000000
0.803684,0.196316,0.808148,0.191852,0.000172,0.999828,1.000000,0.000000,1.000000,0.000000,1.000000
0.765103,0.234897,0.761551,0.238449,0.964925,0.035075,1.000000,0.000000,1.000000,0.000000,0.000000
0.765103,0.234897,0.760653,0.239347,0.965175,0.034825,0.000000,1.000000,1.000000,0.000000,0.000000
0.765103,0.234897,0.755951,0.244049,0.879547,0.120453,0.000000,1.000000,1.000000,0.000000,0.000000
0.765103,0.234897,0.765915,0.234085,0.980057,0.019943,1.000000,0.000000,1.000000,0.000000,0.000000
0.765103,0.234897,0.762809,0.237191,0.971697,0.028303,1.000000,0.000000,1.000000,0.000000,0.000000
0.765103,0.234897,0.766080,0.233920,0.983306,0.016694,1.000000,0.000000,1.000000,0.000000,0.000000
0.765103,0.234897,0.759696,0.240304,0.943490,0.056510,0.000000,1.000000,0.000000,1.000000,0.000000
0.765103,0.234897,0.746294,0.253706,0.115959,0.884041,0.000000,1.000000,0.000000,1.000000,1.000000
0.765103,0.234897,0.766272,0.233728,0.984573,0.015427,1.000000,0.000000,1.000000,0.000000,0.000000
0.765103,0.234897,0.749795,0.250205,0.884869,0.115131,0.000000,1.000000,0.000000,1.000000,1.000000
0.765103,0.234897,0.764899,0.235101,0.979530,0.020470,1.000000,0.000000,1.000000,0.000000,0.000000
0.765103,0.234897,0.761444,0.238556,0.973331,0.026669,1.000000,0.000000,1.000000,0.000000,1.000000
0.765103,0.234897,0.764297,0.235703,0.973186,0.026814,1.000000,0.000000,1.000000,0.000000,0.000000
0.765103,0.234897,0.755258,0.244742,0.999920,0.000080,1.000000,0.000000,1.000000,0.000000,1.000000
0.765103,0.234897,0.762466,0.237534,0.969187,0.030813,1.000000,0.000000,1.000000,0.000000,0.000000
0.765103,0.234897,0.765312,0.234688,0.971650,0.028350,1.000000,0.000000,1.000000,0.000000,1.000000
0.765103,0.234897,0.765888,0.234112,0.975926,0.024074,1.000000,0.000000,1.000000,0.000000,1.000000
0.516491,0.483509,0.733278,0.266722,0.000551,0.999449,1.000000,0.000000,1.000000,0.000000,1.000000
0.765103,0.234897,0.765431,0.234569,0.967153,0.032847,1.000000,0.000000,1.000000,0.000000,0.000000
0.765103,0.234897,0.757297,0.242703,0.903360,0.096640,1.000000,0.000000,1.000000,0.000000,0.000000
0.765103,0.234897,0.764244,0.235756,0.902797,0.097203,1.000000,0.000000,1.000000,0.000000,0.000000
0.765103,0.234897,0.757339,0.242661,0.953194,0.046806,0.000000,1.000000,1.000000,0.000000,1.000000
0.765103,0.234897,0.761448,0.238552,0.977267,0.022733,0.000000,1.000000,0.000000,1.000000,1.000000
0.765103,0.234897,0.760407,0.239593,0.961422,0.038578,1.000000,0.000000,1.000000,0.000000,0.000000
0.765103,0.234897,0.762263,0.237737,0.959462,0.040538,1.000000,0.000000,1.000000,0.000000,0.000000
0.765103,0.234897,0.765932,0.234068,0.984946,0.015054,1.000000,0.000000,1.000000,0.000000,0.000000
0.765103,0.234897,0.761679,0.238321,0.963279,0.036721,1.000000,0.000000,1.000000,0.000000,0.000000
0.765103,0.234897,0.762821,0.237179,0.982537,0.017463,1.000000,0.000000,1.000000,0.000000,0.000000
0.765103,0.234897,0.765230,0.234770,0.963587,0.036413,1.000000,0.000000,1.000000,0.000000,0.000000
0.765103,0.234897,0.762609,0.237391,0.970736,0.029264,0.000000,1.000000,1.000000,0.000000,0.000000
0.765103,0.234897,0.750258,0.249742,0.975463,0.024537,0.000000,1.000000,0.000000,1.000000,1.000000
0.765103,0.234897,0.763333,0.236667,0.976903,0.023097,1.000000,0.000000,0.000000,1.000000,0.000000
0.765103,0.234897,0.762499,0.237501,0.967943,0.032057,1.000000,0.000000,1.000000,0.000000,0.000000
0.765103,0.234897,0.764659,0.235341,0.977238,0.022762,1.000000,0.000000,1.000000,0.000000,0.000000
0.765103,0.234897,0.765600,0.234400,0.963627,0.036373,1.000000,0.000000,1.000000,0.000000,0.000000
0.765103,0.234897,0.761237,0.238763,0.956070,0.043930,1.000000,0.000000,1.000000,0.000000,0.000000
0.765103,0.234897,0.750869,0.249131,0.917415,0.082585,0.000000,1.000000,0.000000,1.000000,0.000000
0.765103,0.234897,0.763822,0.236178,0.982451,0.017549,1.000000,0.000000,1.000000,0.000000,0.000000
0.765103,0.234897,0.763801,0.236199,0.942729,0.057271,1.000000,0.000000,1.000000,0.000000,0.000000
0.765103,0.234897,0.764323,0.235677,0.981808,0.018192,1.000000,0.000000,1.000000,0.000000,0.000000
0.765103,0.234897,0.746636,0.253364,0.714332,0.285668,0.000000,1.000000,1.000000,0.000000,0.000000
0.765103,0.234897,0.764626,0.235374,0.986713,0.013287,0.000000,1.000000,1.000000,0.000000,0.000000
0.765103,0.234897,0.767128,0.232872,0.973595,0.026405,1.000000,0.000000,1.000000,0.000000,1.000000
0.765103,0.234897,0.757694,0.242306,0.909136,0.090864,1.000000,0.000000,1.000000,0.000000,0.000000
0.765103,0.234897,0.754745,0.245255,0.792610,0.207390,1.000000,0.000000,1.000000,0.000000,0.000000
0.765103,0.234897,0.757237,0.242763,0.915717,0.084283,0.000000,1.000000,1.000000,0.000000,0.000000
0.765103,0.234897,0.760358,0.239642,0.969048,0.030952,1.000000,0.000000,0.000000,1.000000,1.000000
0.765103,0.234897,0.763659,0.236341,0.992798,0.007202,1.000000,0.000000,1.000000,0.000000,0.000000
0.765103,0.234897,0.764608,0.235392,0.981458,0.018542,1.000000,0.000000,1.000000,0.000000,0.000000
0.765103,0.234897,0.763782,0.236218,0.975245,0.024755,1.000000,0.000000,1.000000,0.000000,1.000000
0.765103,0.234897,0.747529,0.252471,0.117995,0.882005,0.000000,1.000000,0.000000,1.000000,1.000000
0.765103,0.234897,0.766264,0.233736,0.984078,0.015922,1.000000,0.000000,1.000000,0.000000,0.000000
0.765103,0.234897,0.766703,0.233297,0.986874,0.013126,1.000000,0.000000,1.000000,0.000000,0.000000
0.765103,0.234897,0.760684,0.239316,0.961199,0.038801,1.000000,0.000000,1.000000,0.000000,0.000000
0.765103,0.234897,0.766396,0.233604,0.984116,0.015884,1.000000,0.000000,1.000000,0.000000,0.000000
0.765103,0.234897,0.736126,0.263874,0.057646,0.942354,1.000000,0.000000,1.000000,0.000000,0.000000
0.765103,0.234897,0.765839,0.234161,0.984309,0.015691,1.000000,0.000000,1.000000,0.000000,0.000000
0.765103,0.234897,0.760244,0.239756,0.980543,0.019457,0.000000,1.000000,1.000000,0.000000,0.000000
0.765103,0.234897,0.751298,0.248702,0.510003,0.489997,0.000000,1.000000,0.000000,1.000000,1.000000
0.765103,0.234897,0.764873,0.235127,0.968815,0.031185,1.000000,0.000000,1.000000,0.000000,0.000000
0.765103,0.234897,0.766388,0.233612,0.987030,0.012970,1.000000,0.000000,1.000000,0.000000,0.000000
0.761432,0.238568,0.756876,0.243124,0.992438,0.007562,0.500000,0.500000,1.000000,0.000000,0.000000
0.761432,0.238568,0.755970,0.244030,0.989076,0.010924,1.000000,0.000000,1.000000,0.000000,0.000000
0.761432,0.238568,0.754811,0.245189,0.988522,0.011478,1.000000,0.000000,1.000000,0.000000,0.000000
0.761432,0.238568,0.750615,0.249385,0.980794,0.019206,1.000000,0.000000,1.000000,0.000000,0.000000
0.761432,0.238568,0.754654,0.245346,0.988037,0.011963,1.000000,0.000000,1.000000,0.000000,0.000000
0.761432,0.238568,0.757091,0.242909,0.993161,0.006839,1.000000,0.000000,1.000000,0.000000,0.000000
0.761432,0.238568,0.757900,0.242100,0.993530,0.006470,1.000000,0.000000,1.000000,0.000000,0.000000
0.761432,0.238568,0.746394,0.253606,0.995292,0.004708,1.000000,0.000000,1.000000,0.000000,1.000000
0.761432,0.238568,0.754990,0.245010,0.991377,0.008623,1.000000,0.000000,1.000000,0.000000,0.000000
0.761432,0.238568,0.756941,0.243059,0.991959,0.008041,1.000000,0.000000,1.000000,0.000000,0.000000
0.761432,0.238568,0.753750,0.246250,0.994374,0.005626,1.000000,0.000000,1.000000,0.000000,0.000000
0.761432,0.238568,0.750876,0.249124,0.984923,0.015077,0.000000,1.000000,0.000000,1.000000,0.000000
0.761432,0.238568,0.755353,0.244647,0.991043,0.008957,0.000000,1.000000,0.000000,1.000000,1.000000
0.761432,0.238568,0.753882,0.246118,0.987964,0.012036,1.000000,0.000000,1.000000,0.000000,1.000000
0.761432,0.238568,0.749072,0.250928,0.973840,0.026160,1.000000,0.000000,1.000000,0.000000,0.000000
0.761432,0.238568,0.690564,0.309436,0.000000,1.000000,0.000000,1.000000,0.000000,1.000000,1.000000
0.761432,0.238568,0.756208,0.243792,0.989856,0.010144,1.000000,0.000000,1.000000,0.000000,0.000000
0.761432,0.238568,0.757069,0.242931,0.992584,0.007416,0.000000,1.000000,0.000000,1.000000,0.000000
0.761432,0.238568,0.752969,0.247031,0.988731,0.011269,1.000000,0.000000,1.000000,0.000000,1.000000
0.761432,0.238568,0.752474,0.247526,0.986394,0.013606,1.000000,0.000000,1.000000,0.000000,0.000000
0.761432,0.238568,0.749536,0.250464,0.974398,0.025602,1.000000,0.000000,1.000000,0.000000,0.000000
0.761432,0.238568,0.754115,0.245885,0.989586,0.010414,1.000000,0.000000,1.000000,0.000000,0.000000
0.761432,0.238568,0.754657,0.245343,0.992474,0.007526,1.000000,0.000000,1.000000,0.000000,0.000000
0.761432,0.238568,0.747673,0.252327,0.965252,0.034748,1.000000,0.000000,1.000000,0.000000,0.000000
0.761432,0.238568,0.753235,0.246765,0.987853,0.012147,1.000000,0.000000,1.000000,0.000000,0.000000
0.522171,0.477829,0.540143,0.459857,0.000000,1.000000,1.000000,0.000000,1.000000,0.000000,0.000000
0.761432,0.238568,0.753108,0.246892,0.988048,0.011952,1.000000,0.000000,0.000000,1.000000,0.000000
0.761432,0.238568,0.755902,0.244098,0.991234,0.008766,1.000000,0.000000,1.000000,0.000000,0.000000
0.761432,0.238568,0.744573,0.255427,0.929962,0.070038,1.000000,0.000000,1.000000,0.000000,1.000000
0.761432,0.238568,0.757073,0.242927,0.992355,0.007645,1.000000,0.000000,1.000000,0.000000,0.000000
0.761432,0.238568,0.750141,0.249859,0.979344,0.020656,1.000000,0.000000,1.000000,0.000000,0.000000
0.761432,0.238568,0.746584,0.253416,0.975515,0.024485,1.000000,0.000000,0.000000,1.000000,0.000000
0.761432,0.238568,0.756371,0.243629,0.988861,0.011139,1.000000,0.000000,1.000000,0.000000,0.000000
0.761432,0.238568,0.751443,0.248557,0.986983,0.013017,0.000000,1.000000,0.000000,1.000000,0.000000
0.761432,0.238568,0.752159,0.247841,0.986853,0.013147,1.000000,0.000000,1.000000,0.000000,0.000000
0.761432,0.238568,0.758021,0.241979,0.994897,0.005103,1.000000,0.000000,1.000000,0.000000,0.000000
0.761432,0.238568,0.752335,0.247665,0.987137,0.012863,1.000000,0.000000,1.000000,0.000000,0.000000
0.761432,0.238568,0.757797,0.242203,0.994556,0.005444,1.000000,0.000000,1.000000,0.000000,0.000000
0.761432,0.238568,0.747877,0.252123,0.001433,0.998567,0.000000,1.000000,1.000000,0.000000,1.000000
0.761432,0.238568,0.755902,0.244098,0.989240,0.010760,1.000000,0.000000,1.000000,0.000000,0.000000
0.761432,0.238568,0.729854,0.270146,0.089952,0.910048,0.000000,1.000000,0.000000,1.000000,1.000000
0.761432,0.238568,0.753374,0.246626,0.990578,0.009422,1.000000,0.000000,1.000000,0.000000,0.000000
0.761432,0.238568,0.754969,0.245031,0.989592,0.010408,1.000000,0.000000,1.000000,0.000000,0.000000
0.761432,0.238568,0.753266,0.246734,0.994946,0.005054,1.000000,0.000000,1.000000,0.000000,0.000000
0.761432,0.238568,0.757028,0.242972,0.988953,0.011047,1.000000,0.000000,1.000000,0.000000,0.000000
0.761432,0.238568,0.729224,0.270776,0.001085,0.998915,0.000000,1.000000,0.000000,1.000000,0.000000
0.761432,0.238568,0.754983,0.245017,0.992893,0.007107,1.000000,0.000000,0.000000,1.000000,0.000000
0.761432,0.238568,0.740355,0.259645,0.801860,0.198140,1.000000,0.000000,0.000000,1.000000,1.000000
0.761432,0.238568,0.757752,0.242248,0.990936,0.009064,1.000000,0.000000,1.000000,0.000000,0.000000
0.761432,0.238568,0.739947,0.260053,0.000001,0.999999,0.000000,1.000000,1.000000,0.000000,1.000000
0.522171,0.477829,0.767969,0.232031,0.847861,0.152139,1.000000,0.000000,1.000000,0.000000,0.000000
0.761432,0.238568,0.755101,0.244899,0.989003,0.010997,1.000000,0.000000,1.000000,0.000000,0.000000
0.761432,0.238568,0.744909,0.255091,0.910488,0.089512,1.000000,0.000000,1.000000,0.000000,0.000000
0.761432,0.238568,0.733667,0.266333,0.002771,0.997229,0.000000,1.000000,0.000000,1.000000,1.000000
0.761432,0.238568,0.757067,0.242933,0.994180,0.005820,1.000000,0.000000,1.000000,0.000000,0.000000
0.761432,0.238568,0.742644,0.257356,0.762756,0.237244,0.000000,1.000000,0.000000,1.000000,1.000000
0.761432,0.238568,0.745515,0.254485,0.946831,0.053169,1.000000,0.000000,0.000000,1.000000,0.000000
0.761432,0.238568,0.756405,0.243595,0.991220,0.008780,1.000000,0.000000,1.000000,0.000000,0.000000
0.761432,0.238568,0.738970,0.261030,0.429560,0.570440,0.000000,1.000000,0.000000,1.000000,1.000000
0.761432,0.238568,0.755941,0.244059,0.993203,0.006797,1.000000,0.000000,1.000000,0.000000,0.000000
0.761432,0.238568,0.755852,0.244148,0.989475,0.010525,1.000000,0.000000,1.000000,0.000000,0.000000
0.763754,0.236246,0.755865,0.244135,0.980139,0.019861,1.000000,0.000000,1.000000,0.000000,1.000000
0.763754,0.236246,0.764325,0.235675,0.914749,0.085251,1.000000,0.000000,1.000000,0.000000,1.000000
0.763754,0.236246,0.751781,0.248219,0.880759,0.119241,1.000000,0.000000,1.000000,0.000000,1.000000
0.763754,0.236246,0.755473,0.244527,0.000000,1.000000,1.000000,0.000000,0.000000,1.000000,0.000000
0.763754,0.236246,0.760578,0.239422,0.985353,0.014647,1.000000,0.000000,1.000000,0.000000,0.000000
0.763754,0.236246,0.762488,0.237512,0.987735,0.012265,1.000000,0.000000,1.000000,0.000000,0.000000
0.763754,0.236246,0.761310,0.238690,0.984355,0.015645,1.000000,0.000000,1.000000,0.000000,0.000000
0.763754,0.236246,0.751461,0.248539,0.856881,0.143119,0.000000,1.000000,1.000000,0.000000,1.000000
0.763754,0.236246,0.757030,0.242970,0.973915,0.026085,0.000000,1.000000,1.000000,0.000000,0.000000
0.763754,0.236246,0.760122,0.239878,0.971160,0.028840,1.000000,0.000000,1.000000,0.000000,0.000000
0.763754,0.236246,0.756270,0.243730,0.974104,0.025896,1.000000,0.000000,1.000000,0.000000,0.000000
0.763754,0.236246,0.761900,0.238100,0.988095,0.011905,1.000000,0.000000,1.000000,0.000000,0.000000
0.763754,0.236246,0.755405,0.244595,0.966792,0.033208,0.000000,1.000000,1.000000,0.000000,1.000000
0.763754,0.236246,0.757243,0.242757,0.947194,0.052806,0.000000,1.000000,1.000000,0.000000,0.000000
0.763754,0.236246,0.753066,0.246934,0.935142,0.064858,0.000000,1.000000,0.000000,1.000000,0.000000
0.763754,0.236246,0.761412,0.238588,0.987778,0.012222,1.000000,0.000000,1.000000,0.000000,0.000000
0.763754,0.236246,0.757102,0.242898,0.830108,0.169892,1.000000,0.000000,1.000000,0.000000,1.000000
0.763754,0.236246,0.759116,0.240884,0.985597,0.014403,1.000000,0.000000,1.000000,0.000000,0.000000
0.763754,0.236246,0.754925,0.245075,0.961234,0.038766,1.000000,0.000000,1.000000,0.000000,0.000000
0.763754,0.236246,0.757370,0.242630,0.978285,0.021715,1.000000,0.000000,1.000000,0.000000,0.000000
0.763754,0.236246,0.759935,0.240065,0.986156,0.013844,1.000000,0.000000,1.000000,0.000000,0.000000
0.763754,0.236246,0.761546,0.238454,0.984681,0.015319,1.000000,0.000000,1.000000,0.000000,0.000000
0.763754,0.236246,0.757624,0.242376,0.978554,0.021446,1.000000,0.000000,1.000000,0.000000,0.000000
0.763754,0.236246,0.758248,0.241752,0.978269,0.021731,1.000000,0.000000,1.000000,0.000000,0.000000
0.763754,0.236246,0.758622,0.241378,0.986054,0.013946,0.000000,1.000000,0.000000,1.000000,0.000000
0.763754,0.236246,0.760976,0.239024,0.986953,0.013047,1.000000,0.000000,1.000000,0.000000,0.000000
0.763754,0.236246,0.761983,0.238017,0.989162,0.010838,1.000000,0.000000,1.000000,0.000000,0.000000
0.763754,0.236246,0.762488,0.237512,0.987735,0.012265,1.000000,0.000000,1.000000,0.000000,1.000000
0.763754,0.236246,0.761961,0.238039,0.987814,0.012186,1.000000,0.000000,1.000000,0.000000,0.000000
0.763754,0.236246,0.758475,0.241525,0.981985,0.018015,0.000000,1.000000,0.000000,1.000000,0.000000
0.763754,0.236246,0.718902,0.281098,0.000000,1.000000,1.000000,0.000000,0.000000,1.000000,1.000000
0.763754,0.236246,0.754176,0.245824,0.952102,0.047898,1.000000,0.000000,0.000000,1.000000,0.000000
0.763754,0.236246,0.755384,0.244616,0.977605,0.022395,1.000000,0.000000,1.000000,0.000000,0.000000
0.763754,0.236246,0.738724,0.261276,0.000423,0.999577,0.000000,1.000000,0.000000,1.000000,0.000000
0.763754,0.236246,0.738997,0.261003,0.000490,0.999510,0.000000,1.000000,1.000000,0.000000,1.000000
0.763754,0.236246,0.757698,0.242302,0.971790,0.028210,1.000000,0.000000,0.000000,1.000000,1.000000
0.763754,0.236246,0.755620,0.244380,0.980335,0.019665,1.000000,0.000000,0.000000,1.000000,1.000000
0.763754,0.236246,0.763521,0.236479,0.986185,0.013815,1.000000,0.000000,1.000000,0.000000,0.000000
0.763754,0.236246,0.760743,0.239257,0.952469,0.047531,1.000000,0.000000,1.000000,0.000000,0.000000
0.763754,0.236246,0.763300,0.236700,0.981750,0.018250,1.000000,0.000000,1.000000,0.000000,0.000000
0.763754,0.236246,0.756973,0.243027,0.973004,0.026996,1.000000,0.000000,1.000000,0.000000,0.000000
0.763754,0.236246,0.737887,0.262113,0.020621,0.979379,1.000000,0.000000,1.000000,0.000000,0.000000
0.763754,0.236246,0.742390,0.257610,0.039916,0.960084,0.000000,1.000000,0.000000,1.000000,1.000000
0.763754,0.236246,0.762402,0.237598,0.988772,0.011228,1.000000,0.000000,1.000000,0.000000,0.000000
0.763754,0.236246,0.759342,0.240658,0.986523,0.013477,1.000000,0.000000,1.000000,0.000000,0.000000
0.763754,0.236246,0.759688,0.240312,0.985929,0.014071,0.000000,1.000000,0.000000,1.000000,0.000000
0.763754,0.236246,0.763284,0.236716,0.986847,0.013153,1.000000,0.000000,1.000000,0.000000,0.000000
0.763754,0.236246,0.759815,0.240185,0.089256,0.910744,0.000000,1.000000,1.000000,0.000000,0.000000
0.763754,0.236246,0.737667,0.262333,0.017502,0.982498,0.000000,1.000000,1.000000,0.000000,1.000000
0.763754,0.236246,0.726990,0.273010,0.000000,1.000000,1.000000,0.000000,0.000000,1.000000,0.000000
0.763754,0.236246,0.760993,0.239007,0.987063,0.012937,1.000000,0.000000,1.000000,0.000000,0.000000
0.763754,0.236246,0.763555,0.236445,0.984629,0.015371,1.000000,0.000000,1.000000,0.000000,1.000000
0.763754,0.236246,0.761637,0.238363,0.988201,0.011799,1.000000,0.000000,1.000000,0.000000,0.000000
0.763754,0.236246,0.734578,0.265422,0.870867,0.129133,0.000000,1.000000,0.000000,1.000000,0.000000
0.763754,0.236246,0.762281,0.237719,0.987711,0.012289,1.000000,0.000000,1.000000,0.000000,0.000000
0.763754,0.236246,0.757230,0.242770,0.976123,0.023877,1.000000,0.000000,1.000000,0.000000,0.000000
0.763754,0.236246,0.758280,0.241720,0.982196,0.017804,1.000000,0.000000,1.000000,0.000000,0.000000
0.763754,0.236246,0.754125,0.245875,0.975109,0.024891,0.000000,1.000000,0.000000,1.000000,0.000000
0.763754,0.236246,0.762695,0.237305,0.987654,0.012346,1.000000,0.000000,1.000000,0.000000,0.000000
0.763754,0.236246,0.750540,0.249460,0.973711,0.026289,0.000000,1.000000,0.000000,1.000000,0.000000
0.763754,0.236246,0.760928,0.239072,0.987552,0.012448,1.000000,0.000000,1.000000,0.000000,0.000000
0.742206,0.257794,0.714140,0.285860,0.032011,0.967989,0.000000,1.000000,1.000000,0.000000,0.000000
0.742206,0.257794,0.724285,0.275715,0.176844,0.823156,0.000000,1.000000,0.000000,1.000000,1.000000
0.742206,0.257794,0.740883,0.259117,0.977146,0.022854,1.000000,0.000000,1.000000,0.000000,0.000000
0.742206,0.257794,0.738122,0.261878,0.972605,0.027395,1.000000,0.000000,1.000000,0.000000,0.000000
0.742206,0.257794,0.736527,0.263473,0.965246,0.034754,1.000000,0.000000,1.000000,0.000000,0.000000
0.742206,0.257794,0.734106,0.265894,0.958860,0.041140,1.000000,0.000000,1.000000,0.000000,0.000000
0.742206,0.257794,0.741673,0.258327,0.978647,0.021353,1.000000,0.000000,1.000000,0.000000,0.000000
0.742206,0.257794,0.742090,0.257910,0.982555,0.017445,1.000000,0.000000,1.000000,0.000000,0.000000
0.742206,0.257794,0.739718,0.260282,0.967971,0.032029,1.000000,0.000000,1.000000,0.000000,0.000000
0.742206,0.257794,0.733910,0.266090,0.918581,0.081419,1.000000,0.000000,1.000000,0.000000,0.000000
0.742206,0.257794,0.737926,0.262074,0.961287,0.038713,1.000000,0.000000,1.000000,0.000000,0.000000
0.742206,0.257794,0.736431,0.263569,0.965205,0.034795,1.000000,0.000000,1.000000,0.000000,0.000000
0.742206,0.257794,0.734428,0.265572,0.928835,0.071165,1.000000,0.000000,1.000000,0.000000,0.000000
0.742206,0.257794,0.742165,0.257835,0.982500,0.017500,1.000000,0.000000,1.000000,0.000000,0.000000
0.742206,0.257794,0.728506,0.271494,0.508415,0.491585,0.000000,1.000000,0.000000,1.000000,0.000000
0.742206,0.257794,0.716120,0.283880,0.332395,0.667605,0.000000,1.000000,0.000000,1.000000,0.000000
0.742206,0.257794,0.738067,0.261933,0.961528,0.038472,1.000000,0.000000,0.000000,1.000000,0.000000
0.742206,0.257794,0.741689,0.258311,0.980342,0.019658,1.000000,0.000000,1.000000,0.000000,0.000000
0.742206,0.257794,0.731916,0.268084,0.920309,0.079691,1.000000,0.000000,1.000000,0.000000,0.000000
0.742206,0.257794,0.742112,0.257888,0.982531,0.017469,0.000000,1.000000,1.000000,0.000000,0.000000
0.742206,0.257794,0.724569,0.275431,0.365516,0.634484,1.000000,0.000000,1.000000,0.000000,0.000000
0.742206,0.257794,0.739592,0.260408,0.960381,0.039619,1.000000,0.000000,1.000000,0.000000,0.000000
0.742206,0.257794,0.743693,0.256307,0.921222,0.078778,1.000000,0.000000,0.000000,1.000000,0.000000
0.742206,0.257794,0.739772,0.260228,0.980062,0.019938,1.000000,0.000000,1.000000,0.000000,0.000000
0.742206,0.257794,0.740145,0.259855,0.977333,0.022667,1.000000,0.000000,1.000000,0.000000,0.000000
0.742206,0.257794,0.729388,0.270612,0.673817,0.326183,1.000000,0.000000,1.000000,0.000000,0.000000
0.742206,0.257794,0.740273,0.259727,0.949094,0.050906,1.000000,0.000000,1.000000,0.000000,0.000000
0.742206,0.257794,0.735515,0.264485,0.942578,0.057422,1.000000,0.000000,1.000000,0.000000,0.000000
0.742206,0.257794,0.741172,0.258828,0.974615,0.025385,1.000000,0.000000,1.000000,0.000000,0.000000
0.742206,0.257794,0.727310,0.272690,0.503668,0.496332,0.000000,1.000000,0.000000,1.000000,1.000000
0.742206,0.257794,0.742105,0.257895,0.971322,0.028678,1.000000,0.000000,1.000000,0.000000,0.000000
0.742206,0.257794,0.737351,0.262649,0.955966,0.044034,1.000000,0.000000,1.000000,0.000000,1.000000
0.742206,0.257794,0.735432,0.264568,0.955240,0.044760,0.000000,1.000000,0.000000,1.000000,0.000000
0.742206,0.257794,0.739529,0.260471,0.971443,0.028557,1.000000,0.000000,1.000000,0.000000,0.000000
0.742206,0.257794,0.727954,0.272046,0.615732,0.384268,1.000000,0.000000,0.000000,1.000000,1.000000
0.742206,0.257794,0.742585,0.257415,0.978903,0.021097,1.000000,0.000000,1.000000,0.000000,0.000000
0.742206,0.257794,0.735808,0.264192,0.959481,0.040519,1.000000,0.000000,1.000000,0.000000,0.000000
0.742206,0.257794,0.737438,0.262562,0.960228,0.039772,1.000000,0.000000,0.000000,1.000000,0.000000
0.742206,0.257794,0.723905,0.276095,0.102984,0.897016,0.000000,1.000000,0.000000,1.000000,1.000000
0.742206,0.257794,0.741230,0.258770,0.974415,0.025585,1.000000,0.000000,1.000000,0.000000,0.000000
0.742206,0.257794,0.736792,0.263208,0.955127,0.044873,1.000000,0.000000,0.000000,1.000000,1.000000
0.742206,0.257794,0.741689,0.258311,0.980342,0.019658,1.000000,0.000000,1.000000,0.000000,0.000000
0.742206,0.257794,0.720956,0.279044,0.082803,0.917197,0.000000,1.000000,0.000000,1.000000,0.000000
0.742206,0.257794,0.734223,0.265777,0.963044,0.036956,0.000000,1.000000,0.000000,1.000000,0.000000
0.742206,0.257794,0.724851,0.275149,0.387117,0.612883,0.000000,1.000000,1.000000,0.000000,0.000000
0.742206,0.257794,0.745376,0.254624,0.011162,0.988838,1.000000,0.000000,1.000000,0.000000,0.000000
0.742206,0.257794,0.741812,0.258188,0.979904,0.020096,1.000000,0.000000,1.000000,0.000000,0.000000
0.742206,0.257794,0.740961,0.259039,0.970439,0.029561,1.000000,0.000000,1.000000,0.000000,0.000000
0.742206,0.257794,0.742549,0.257451,0.981953,0.018047,1.000000,0.000000,1.000000,0.000000,0.000000
0.742206,0.257794,0.736274,0.263726,0.968168,0.031832,1.000000,0.000000,1.000000,0.000000,1.000000
0.742206,0.257794,0.736028,0.263972,0.944936,0.055064,1.000000,0.000000,1.000000,0.000000,0.000000
0.742206,0.257794,0.735776,0.264224,0.950980,0.049020,1.000000,0.000000,1.000000,0.000000,0.000000
0.742206,0.257794,0.738913,0.261087,0.979624,0.020376,1.000000,0.000000,1.000000,0.000000,0.000000
0.742206,0.257794,0.740862,0.259138,0.971470,0.028530,1.000000,0.000000,1.000000,0.000000,0.000000
0.742206,0.257794,0.742509,0.257491,0.980965,0.019035,1.000000,0.000000,1.000000,0.000000,0.000000
0.742206,0.257794,0.741857,0.258143,0.982611,0.017389,1.000000,0.000000,1.000000,0.000000,0.000000
0.742206,0.257794,0.740640,0.259360,0.970943,0.029057,1.000000,0.000000,1.000000,0.000000,1.000000
0.742206,0.257794,0.737663,0.262337,0.962229,0.037771,1.000000,0.000000,1.000000,0.000000,0.000000
0.742206,0.257794,0.744947,0.255053,0.237882,0.762118,0.000000,1.000000,0.000000,1.000000,0.000000
0.742206,0.257794,0.729096,0.270904,0.548570,0.451430,0.000000,1.000000,0.000000,1.000000,1.000000
0.742206,0.257794,0.733270,0.266730,0.898875,0.101125,1.000000,0.000000,1.000000,0.000000,0.000000
